<?xml version="1.0" encoding="utf-8"?>
<!-- Copyright (C) 2018 No Google Lags

     Licensed under the Apache License, Version 2.0 (the "License");
     you may not use this file except in compliance with the License.
     You may obtain a copy of the License at

          http://www.apache.org/licenses/LICENSE-2.0

     Unless required by applicable law or agreed to in writing, software
     distributed under the License is distributed on an "AS IS" BASIS,
     WITHOUT WARRANTIES OR CONDITIONS OF ANY KIND, either express or implied.
     See the License for the specific language governing permissions and
     limitations under the License.
-->

<config>

    <!-- These are the standard packages that are white-listed to always have internet
         access while in power save mode, even if they aren't in the foreground. -->

    <!-- Nominatim NLP Backend must always have network access for GCM and other things. -->
    <allow-in-power-save package="org.microg.nlp.backend.nominatim" />
    <allow-in-data-usage-save package="org.microg.nlp.backend.nominatim" />
    <allow-unthrottled-location package="org.microg.nlp.backend.nominatim" />

    <!-- These are the packages that are white-listed to be able to run as system user -->

    <!-- Droid Guard SafetyNet Bridge -->
    <system-user-whitelisted-app package="org.microg.gms.droidguard" />
    <!-- DejaVu Location Service -->
    <system-user-whitelisted-app package="org.fitchfamily.android.dejavu" />
    <!-- Local GSM NLP Backend -->
    <system-user-whitelisted-app package="org.fitchfamily.android.gsmlocation" />
    <!-- Local WiFi NLP Backend -->
    <system-user-whitelisted-app package="org.fitchfamily.android.wifi_backend" />
    <!-- Mozilla Unified NLP Backend -->
    <system-user-whitelisted-app package="org.microg.nlp.backend.ichnaea" />

</config>